,URL from a Topic on Udemy,Max Courses,Max Related Topics,Position,Course Title,Course Link,Description,Price,Instructor,Rating,Course Length,Number of Lectures,Learner Level
,https://www.udemy.com/topic/javascript/,120,5,1,"The Complete JavaScript Course 2024: From Zero to Expert!
The modern JavaScript course for everyone! Master JavaScript with projects, challenges and theory. Many courses in one!Rating: 4.7 out of 5204067 reviews68.5 total hours321 lecturesAll LevelsCurrent price: ₩99,000",https://www.udemy.com/course/the-complete-javascript-course/,"The modern JavaScript course for everyone! Master JavaScript with projects, challenges and theory. Many courses in one!","₩99,000",Jonas Schmedtmann,4.7,68.5 total hours,321 lectures,All Levels
,https://www.udemy.com/topic/javascript/,120,5,2,"JavaScript: Understanding the Weird Parts
An advanced JavaScript course for everyone! Scope, closures, prototypes, 'this', build your own framework, and more.Rating: 4.7 out of 547942 reviews12 total hours89 lecturesAll LevelsCurrent price: ₩77,000",https://www.udemy.com/course/understand-javascript/,"An advanced JavaScript course for everyone! Scope, closures, prototypes, 'this', build your own framework, and more.","₩77,000",Anthony Alicea,4.7,12 total hours,89 lectures,All Levels
,https://www.udemy.com/topic/javascript/,120,5,3,"JavaScript Basics for Beginners
JavaScript - Master the Fundamentals in 6 HoursRating: 4.6 out of 534596 reviews6.5 total hours105 lecturesBeginnerCurrent price: ₩99,000",https://www.udemy.com/course/javascript-basics-for-beginners/,JavaScript - Master the Fundamentals in 6 Hours,"₩99,000",Mosh Hamedani,4.6,6.5 total hours,105 lectures,Beginner
,https://www.udemy.com/topic/javascript/,120,5,4,"Modern JavaScript From The Beginning 2.0 (2024)
A 36-hour master course to take you from beginner to advanced JavaScriptRating: 4.7 out of 533396 reviews36.5 total hours265 lecturesAll LevelsCurrent price: ₩77,000",https://www.udemy.com/course/modern-javascript-from-the-beginning/,A 36-hour master course to take you from beginner to advanced JavaScript,"₩77,000",Brad Traversy,4.7,36.5 total hours,265 lectures,All Levels
,https://www.udemy.com/topic/javascript/,120,5,5,"JavaScript - The Complete Guide 2024 (Beginner + Advanced)
Modern JavaScript from the beginning - all the way up to JS expert level! THE must-have JavaScript resource in 2024.Rating: 4.6 out of 529332 reviews52.5 total hours616 lecturesAll LevelsCurrent price: ₩110,000",https://www.udemy.com/course/javascript-the-complete-guide-2020-beginner-advanced/,Modern JavaScript from the beginning - all the way up to JS expert level! THE must-have JavaScript resource in 2024.,"₩110,000","Academind by Maximilian Schwarzmüller, Maximilian Schwarzmüller",4.6,52.5 total hours,616 lectures,All Levels
,https://www.udemy.com/topic/javascript/,120,5,6,"Javascript for Beginners Learn by Doing Practical Exercises
JavaScript for Beginners : Work closely with me doing exercises & learn more. I make Javascript easy for you guaranteed.Rating: 4.5 out of 517232 reviews4 total hours31 lecturesAll LevelsCurrent price: ₩25,000",https://www.udemy.com/course/javascript-for-beginners-introduction-learn-fast-easy/,JavaScript for Beginners : Work closely with me doing exercises & learn more. I make Javascript easy for you guaranteed.,"₩25,000","Edwin Diaz, Coding Faculty Solutions",4.5,4 total hours,31 lectures,All Levels
,https://www.udemy.com/topic/javascript/,120,5,7,"ES6 Javascript: The Complete Developer's Guide
ES6 Javascript Development from scratch. Get practice with live examples and learn exactly where to apply ES6 features.Rating: 4.4 out of 513979 reviews6.5 total hours70 lecturesBeginnerCurrent price: ₩77,000",https://www.udemy.com/course/javascript-es6-tutorial/,ES6 Javascript Development from scratch. Get practice with live examples and learn exactly where to apply ES6 features.,"₩77,000",Stephen Grider,4.4,6.5 total hours,70 lectures,Beginner
,https://www.udemy.com/topic/javascript/,120,5,8,"The Modern JavaScript Bootcamp
Learn JavaScript by building real-world apps. Includes 3 real-world projects, 80 programming challenges, and ES6/ES7!Rating: 4.6 out of 513024 reviews29.5 total hours155 lecturesAll LevelsCurrent price: ₩77,000",https://www.udemy.com/course/modern-javascript/,"Learn JavaScript by building real-world apps. Includes 3 real-world projects, 80 programming challenges, and ES6/ES7!","₩77,000",Andrew Mead,4.6,29.5 total hours,155 lectures,All Levels
,https://www.udemy.com/topic/javascript/,120,5,9,"The Modern Javascript Bootcamp Course
The most up-to-date JS resource online! Master Javascript by building a beautiful portfolio of projects!Rating: 4.7 out of 512308 reviews52 total hours483 lecturesAll LevelsCurrent price: ₩129,000",https://www.udemy.com/course/javascript-beginners-complete-tutorial/,The most up-to-date JS resource online! Master Javascript by building a beautiful portfolio of projects!,"₩129,000","Colt Steele, Stephen Grider",4.7,52 total hours,483 lectures,All Levels
,https://www.udemy.com/topic/javascript/,120,5,10,"50 Projects In 50 Days - HTML, CSS & JavaScript
Sharpen your skills by building 50+ quick, unique and fun mini projectsRating: 4.6 out of 511500 reviews19 total hours167 lecturesBeginnerCurrent price: ₩88,000",https://www.udemy.com/course/50-projects-50-days/,"Sharpen your skills by building 50+ quick, unique and fun mini projects","₩88,000","Brad Traversy, Florin Pop",4.6,19 total hours,167 lectures,Beginner
,https://www.udemy.com/topic/javascript/,120,5,11,"Modern JavaScript (Complete guide, from Novice to Ninja)
Learn Modern JavaScript from the very start to ninja-level & build awesome JavaScript applications.Rating: 4.9 out of 510749 reviews20.5 total hours188 lecturesAll LevelsCurrent price: ₩77,000",https://www.udemy.com/course/modern-javascript-from-novice-to-ninja/,Learn Modern JavaScript from the very start to ninja-level & build awesome JavaScript applications.,"₩77,000",The Net Ninja (Shaun Pelling),4.9,20.5 total hours,188 lectures,All Levels
,https://www.udemy.com/topic/javascript/,120,5,12,"Advanced Javascript
In only seven hours you will learn enough javascript to transform from a Junior JS Dev into a Senior JS GuruRating: 4.6 out of 59407 reviews6.5 total hours47 lecturesIntermediateCurrent price: ₩59,000",https://www.udemy.com/course/javascript-advanced/,In only seven hours you will learn enough javascript to transform from a Junior JS Dev into a Senior JS Guru,"₩59,000",Asim Hussain,4.6,6.5 total hours,47 lectures,Intermediate
,https://www.udemy.com/topic/javascript/,120,5,13,"20 Web Projects With Vanilla JavaScript
Build 20 mini frontend projects from scratch with HTML5, CSS & JavaScript (No frameworks or libraries)Rating: 4.7 out of 56924 reviews16 total hours121 lecturesAll LevelsCurrent price: ₩77,000",https://www.udemy.com/course/web-projects-with-vanilla-javascript/,"Build 20 mini frontend projects from scratch with HTML5, CSS & JavaScript (No frameworks or libraries)","₩77,000",Brad Traversy,4.7,16 total hours,121 lectures,All Levels
,https://www.udemy.com/topic/javascript/,120,5,14,"Accelerated JavaScript Training
Take a deep dive into JavaScript, a Must-Know Language in Web Development, with a Hands-on, Example-driven ApproachRating: 4.5 out of 56469 reviews7.5 total hours128 lecturesAll LevelsCurrent price: ₩66,000",https://www.udemy.com/course/javascript-bootcamp-2016/,"Take a deep dive into JavaScript, a Must-Know Language in Web Development, with a Hands-on, Example-driven Approach","₩66,000",Maximilian Schwarzmüller,4.5,7.5 total hours,128 lectures,All Levels
,https://www.udemy.com/topic/javascript/,120,5,15,"Accelerated ES6 JavaScript Training
Learn and Use the Future of JavaScript - Today!Rating: 4.6 out of 55796 reviews6 total hours115 lecturesIntermediateCurrent price: ₩77,000",https://www.udemy.com/course/es6-bootcamp-next-generation-javascript/,Learn and Use the Future of JavaScript - Today!,"₩77,000",Maximilian Schwarzmüller,4.6,6 total hours,115 lectures,Intermediate
,https://www.udemy.com/topic/javascript/,120,5,16,"JavaScript Beginner Bootcamp (2024)
JavaScript for Beginners: Projects based learning, whiteboard animations, coding in the browser and quizzes.Rating: 4.6 out of 55746 reviews38.5 total hours387 lecturesBeginnerCurrent price: ₩28,000",https://www.udemy.com/course/javascript-the-basics-for-beginners/,"JavaScript for Beginners: Projects based learning, whiteboard animations, coding in the browser and quizzes.","₩28,000",Rob Merrill,4.6,38.5 total hours,387 lectures,Beginner
,https://www.udemy.com/topic/javascript/,120,5,17,"Learn JavaScript: Full-Stack from Scratch
Understand the JavaScript language itself, Node.js, MongoDB, The Web Browser and More To Create Meaningful ApplicationsRating: 4.7 out of 55121 reviews28 total hours131 lecturesAll LevelsCurrent price: ₩99,000",https://www.udemy.com/course/learn-javascript-full-stack-from-scratch/,"Understand the JavaScript language itself, Node.js, MongoDB, The Web Browser and More To Create Meaningful Applications","₩99,000",Brad Schiff,4.7,28 total hours,131 lectures,All Levels
,https://www.udemy.com/topic/javascript/,120,5,18,"Complete JAVASCRIPT with HTML5,CSS3 from zero to Expert-2024
Learn HTML5, CSS3, JavaScript by building a modern looking responsive website.Rating: 4.3 out of 54909 reviews17 total hours64 lecturesAll LevelsCurrent price: ₩59,000",https://www.udemy.com/course/build-responsive-website-using-html5-css3-js-and-bootstrap-p/,"Learn HTML5, CSS3, JavaScript by building a modern looking responsive website.","₩59,000",Hemanth kumar,4.3,17 total hours,64 lectures,All Levels
,https://www.udemy.com/topic/javascript/,120,5,19,"Essentials in JavaScript ES6 - A Fun and Clear Introduction
A creative and fun course on JavaScript ES6! Has Webpack, Babel, React, and all the new syntax you need to code in ES6!Rating: 4.4 out of 54836 reviews2 total hours43 lecturesAll LevelsCurrent price: ₩25,000",https://www.udemy.com/course/essentials-in-javascript-es6/,"A creative and fun course on JavaScript ES6! Has Webpack, Babel, React, and all the new syntax you need to code in ES6!","₩25,000",David Joseph Katz,4.4,2 total hours,43 lectures,All Levels
,https://www.udemy.com/topic/javascript/,120,5,20,"Master JavaScript from Basics to Advanced [2024] | 5+ Bonus
A perfect JavaScript course for all those who want to learn and master JavaScript programming skills right from scratch.Rating: 4.2 out of 54411 reviews10 total hours87 lecturesBeginnerCurrent price: ₩49,000",https://www.udemy.com/course/javascript-basics-to-advanced/,A perfect JavaScript course for all those who want to learn and master JavaScript programming skills right from scratch.,"₩49,000","EdYoda Digital University, Qaifi Khan",4.2,10 total hours,87 lectures,Beginner
,https://www.udemy.com/topic/javascript/,120,5,21,"Javascript Tutorial and Projects Course
Learn Javascript by Building 30+ Interesting ProjectsRating: 4.7 out of 54290 reviews46.5 total hours448 lecturesAll LevelsCurrent price: ₩88,000",https://www.udemy.com/course/javascript-tutorial-for-beginners-w/,Learn Javascript by Building 30+ Interesting Projects,"₩88,000",John Smilga,4.7,46.5 total hours,448 lectures,All Levels
,https://www.udemy.com/topic/javascript/,120,5,22,"Learn JavaScript - For Beginners
Learn how to Code Web Pages using JavaScriptRating: 4.1 out of 54212 reviews1.5 total hours43 lecturesBeginnerCurrent price: ₩25,000",https://www.udemy.com/course/learn-javascript-for-beginners-v/,Learn how to Code Web Pages using JavaScript,"₩25,000",YouAccel Training,4.1,1.5 total hours,43 lectures,Beginner
,https://www.udemy.com/topic/javascript/,120,5,23,"The Complete Full-Stack JavaScript Course
Learn full-stack web development using JavaScript (ReactJS, NodeJS, LoopbackJS, Redux and Material-UI)!Rating: 4.5 out of 54144 reviews24.5 total hours96 lecturesAll LevelsCurrent price: ₩49,000",https://www.udemy.com/course/full-stack-javascript/,"Learn full-stack web development using JavaScript (ReactJS, NodeJS, LoopbackJS, Redux and Material-UI)!","₩49,000","Joseph Delgadillo, Nick Germaine",4.5,24.5 total hours,96 lectures,All Levels
,https://www.udemy.com/topic/javascript/,120,5,24,"Object-oriented Programming in JavaScript
Learn all about OOP, understand the most confusing parts of JavaScript and prepare for technical interviewsRating: 4.7 out of 54126 reviews4 total hours64 lecturesIntermediateCurrent price: ₩77,000",https://www.udemy.com/course/javascript-object-oriented-programming/,"Learn all about OOP, understand the most confusing parts of JavaScript and prepare for technical interviews","₩77,000",Mosh Hamedani,4.7,4 total hours,64 lectures,Intermediate
,https://www.udemy.com/topic/javascript/,120,5,25,"JavaScript Web Projects: 20 Projects to Build Your Portfolio
Modern HTML5, CSS3, and JavaScript to build Responsive and Mobile Friendly projects for your dream portfolio and resume!Rating: 4.6 out of 53923 reviews33 total hours243 lecturesBeginnerCurrent price: ₩99,000",https://www.udemy.com/course/javascript-web-projects-to-build-your-portfolio-resume/,"Modern HTML5, CSS3, and JavaScript to build Responsive and Mobile Friendly projects for your dream portfolio and resume!","₩99,000","Andrei Neagoie, Jacinto Wong",4.6,33 total hours,243 lectures,Beginner
,https://www.udemy.com/topic/javascript/,120,5,26,"The Full JavaScript & ES6 Tutorial - (including ES7 & React)
The most in-depth course on ES6 around. Start with JavaScript, deep-dive into ES6, & even more (Webpack, ES7, & React)!Rating: 4.6 out of 53731 reviews5 total hours105 lecturesAll LevelsCurrent price: ₩49,000",https://www.udemy.com/course/es6-in-depth/,"The most in-depth course on ES6 around. Start with JavaScript, deep-dive into ES6, & even more (Webpack, ES7, & React)!","₩49,000",David Joseph Katz,4.6,5 total hours,105 lectures,All Levels
,https://www.udemy.com/topic/javascript/,120,5,27,"JavaScript Unit Testing - The Practical Guide
Learn how to write automated tests (unit & integration tests) for your JavaScript projects with Vitest & Jest.Rating: 4.7 out of 53275 reviews5.5 total hours92 lecturesBeginnerCurrent price: ₩77,000",https://www.udemy.com/course/javascript-unit-testing-the-practical-guide/,Learn how to write automated tests (unit & integration tests) for your JavaScript projects with Vitest & Jest.,"₩77,000","Academind by Maximilian Schwarzmüller, Maximilian Schwarzmüller",4.7,5.5 total hours,92 lectures,Beginner
,https://www.udemy.com/topic/javascript/,120,5,28,"Learn JavaScript for Web Development
Advance your Web Development Skills By Learning Javascript from JavaScript Expert!Rating: 3.2 out of 53231 reviews8.5 total hours95 lecturesIntermediateCurrent price: ₩25,000",https://www.udemy.com/course/javascript-learn-javascript-essentials-and-build-project/,Advance your Web Development Skills By Learning Javascript from JavaScript Expert!,"₩25,000",Irfan Dayan,3.2,8.5 total hours,95 lectures,Intermediate
,https://www.udemy.com/topic/javascript/,120,5,29,"JavaScript For Beginners - Learn JavaScript From Scratch
Learn The JavaScript Programming Language Completely From Scratch Without FrameworksRating: 4.1 out of 53129 reviews3 total hours56 lecturesBeginnerCurrent price: ₩25,000",https://www.udemy.com/course/javascript-for-beginners-learn-javascript-from-scratch/,Learn The JavaScript Programming Language Completely From Scratch Without Frameworks,"₩25,000",Robin Haney,4.1,3 total hours,56 lectures,Beginner
,https://www.udemy.com/topic/javascript/,120,5,30,"Javascript for Beginners
Learn javascript online and supercharge your web design with this Javascript for beginners training course.Rating: 4.5 out of 52905 reviews8 total hours72 lecturesAll LevelsCurrent price: ₩25,000",https://www.udemy.com/course/beginning-javascript/,Learn javascript online and supercharge your web design with this Javascript for beginners training course.,"₩25,000",SkillSprints Inc.,4.5,8 total hours,72 lectures,All Levels
,https://www.udemy.com/topic/javascript/,120,5,31,"Complete Javascript & jQuery Course with Bonus Vue JS Intro
Learn Javascript, jQuery and Ajax from the start + Bonus Intro to Vue JS 3. Incudes complete written course material!Rating: 4.4 out of 52647 reviews17 total hours98 lecturesAll LevelsCurrent price: ₩77,000",https://www.udemy.com/course/learn-javascript-from-beginner-to-advanced/,"Learn Javascript, jQuery and Ajax from the start + Bonus Intro to Vue JS 3. Incudes complete written course material!","₩77,000","Ivan Lourenço Gomes, Learn IT University, Andrii Piatakha",4.4,17 total hours,98 lectures,All Levels
,https://www.udemy.com/topic/javascript/,120,5,32,"CSS & JavaScript - Certification Course for Beginners
Learn how to Add Dynamic Client-Side Functions to your Web Pages using CSS & JavaScriptRating: 4.2 out of 52533 reviews3 total hours72 lecturesBeginnerCurrent price: ₩25,000",https://www.udemy.com/course/css-javascript-certification-course-for-beginners/,Learn how to Add Dynamic Client-Side Functions to your Web Pages using CSS & JavaScript,"₩25,000",YouAccel Training,4.2,3 total hours,72 lectures,Beginner
,https://www.udemy.com/topic/javascript/,120,5,33,"JavaScript Data Structures & Algorithms + LEETCODE Exercises
DSA for Cracking the Coding Interview. Animated Examples for Faster Learning and Deeper Understanding.Rating: 4.8 out of 52383 reviews9 total hours123 lecturesAll LevelsCurrent price: ₩88,000",https://www.udemy.com/course/data-structures-algorithms-javascript/,DSA for Cracking the Coding Interview. Animated Examples for Faster Learning and Deeper Understanding.,"₩88,000",Scott Barrett,4.8,9 total hours,123 lectures,All Levels
,https://www.udemy.com/topic/javascript/,120,5,34,"Asynchronous JavaScript: Promises, Callbacks, Async Await
Become an expert in Asynchronous JavaScript: Promises, Callbacks, Async Await, Event Loop, etc.Rating: 4.6 out of 52351 reviews5 total hours59 lecturesAll LevelsCurrent price: ₩59,000",https://www.udemy.com/course/asynchronous-javascript-promises-callbacks-async-await/,"Become an expert in Asynchronous JavaScript: Promises, Callbacks, Async Await, Event Loop, etc.","₩59,000",Viktor Pyskunov,4.6,5 total hours,59 lectures,All Levels
,https://www.udemy.com/topic/javascript/,120,5,35,"JavaScript for Beginners - The Complete introduction to JS
Learn all the Basics of JavaScript and create various basic JavaScript programs and applicationsRating: 4.3 out of 52295 reviews4 total hours30 lecturesAll LevelsCurrent price: ₩25,000",https://www.udemy.com/course/javascript-for-beginners-the-complete-introduction-to-js/,Learn all the Basics of JavaScript and create various basic JavaScript programs and applications,"₩25,000",Yassin Marco,4.3,4 total hours,30 lectures,All Levels
,https://www.udemy.com/topic/javascript/,120,5,36,"The Complete JavaScript Course - Beginner to Professional
The only course you need to become a JavaScript developer - 45 JavaScript projects, ES6, JSON, AJAX & much more!Rating: 4.2 out of 52277 reviews38.5 total hours427 lecturesAll LevelsCurrent price: ₩25,000",https://www.udemy.com/course/javascript-training/,"The only course you need to become a JavaScript developer - 45 JavaScript projects, ES6, JSON, AJAX & much more!","₩25,000","Codestars • over 2 million students worldwide!, Laurence Svekis, Rob Percival",4.2,38.5 total hours,427 lectures,All Levels
,https://www.udemy.com/topic/javascript/,120,5,37,"Learning Data Structures in JavaScript from Scratch
Write more efficient & performant code by learning data structures. Be well prepared for technical interview questions.Rating: 4.9 out of 52170 reviews3.5 total hours56 lecturesAll LevelsCurrent price: ₩59,000",https://www.udemy.com/course/learning-data-structures-in-javascript-from-scratch/,Write more efficient & performant code by learning data structures. Be well prepared for technical interview questions.,"₩59,000",Eric Traub,4.9,3.5 total hours,56 lectures,All Levels
,https://www.udemy.com/topic/javascript/,120,5,38,"Javascript - From Beginner to Pro-Build real world JS apps
Master JavaScript with the most complete JavaScript course on market! 1st step to learn JS - React, Angular or Vue JSRating: 3.4 out of 52064 reviews12.5 total hours85 lecturesBeginnerCurrent price: ₩25,000",https://www.udemy.com/course/javascript-from-beginner-to-pro-best-course/,"Master JavaScript with the most complete JavaScript course on market! 1st step to learn JS - React, Angular or Vue JS","₩25,000",Abhay Talreja,3.4,12.5 total hours,85 lectures,Beginner
,https://www.udemy.com/topic/javascript/,120,5,39,"1 Hour JavaScript
Learn how to code in JavaScript in 1 hour. This class is set up for complete beginners!Rating: 4.1 out of 52019 reviews1 total hour18 lecturesBeginnerCurrent price: ₩25,000",https://www.udemy.com/course/1-hour-javascript/,Learn how to code in JavaScript in 1 hour. This class is set up for complete beginners!,"₩25,000",John Bura,4.1,1 total hour,18 lectures,Beginner
,https://www.udemy.com/topic/javascript/,120,5,40,"Learning Algorithms in JavaScript from Scratch
Make your code & programs faster and more efficient by using algorithms. Be very well prepared for technical interviews.Rating: 4.6 out of 51945 reviews3.5 total hours69 lecturesAll LevelsCurrent price: ₩49,000",https://www.udemy.com/course/learning-algorithms-in-javascript-from-scratch/,Make your code & programs faster and more efficient by using algorithms. Be very well prepared for technical interviews.,"₩49,000",Eric Traub,4.6,3.5 total hours,69 lectures,All Levels
,https://www.udemy.com/topic/javascript/,120,5,41,"The Complete JavaScript Course For Web Development Beginners
In this course students will learn the basics of JavaScript and beyond to help them in their web development needsRating: 4.2 out of 51879 reviews4 total hours46 lecturesAll LevelsCurrent price: ₩25,000",https://www.udemy.com/course/javascriptcourse/,In this course students will learn the basics of JavaScript and beyond to help them in their web development needs,"₩25,000","Joe Parys, Ashutosh Pawar, Joe Parys Support",4.2,4 total hours,46 lectures,All Levels
,https://www.udemy.com/topic/javascript/,120,5,42,"Make a Spotify Clone from Scratch: JavaScript PHP and MySQL
Learn JavaScript, PHP and MySQL by building the ultimate music streaming website from scratch! The complete guide!Rating: 4.6 out of 51850 reviews15 total hours169 lecturesAll LevelsCurrent price: ₩59,000",https://www.udemy.com/course/spotify-clone/,"Learn JavaScript, PHP and MySQL by building the ultimate music streaming website from scratch! The complete guide!","₩59,000",Reece Kenney,4.6,15 total hours,169 lectures,All Levels
,https://www.udemy.com/topic/javascript/,120,5,43,"The JavaScript Bible - JavaScript Bootcamp
Understand and learn JavaScript and ES6 in a one challenge-based JavaScript Bootcamp course!Rating: 4.6 out of 51728 reviews42.5 total hours429 lecturesAll LevelsCurrent price: ₩77,000",https://www.udemy.com/course/javascript-bible/,Understand and learn JavaScript and ES6 in a one challenge-based JavaScript Bootcamp course!,"₩77,000","Bogdan Stashchuk | Software Engineer, MBA, PhD",4.6,42.5 total hours,429 lectures,All Levels
,https://www.udemy.com/topic/javascript/,120,5,44,"JavaScript Bootcamp - Build Real World Applications
JavaScript from basic to advanced level. Project - based JavaScript course. JavaScript ES6 guide. Including JSON & AJAXRating: 4.6 out of 51537 reviews16.5 total hours120 lecturesAll LevelsCurrent price: ₩66,000",https://www.udemy.com/course/the-ultimate-javascript-course-build-real-world-apps2018/,JavaScript from basic to advanced level. Project - based JavaScript course. JavaScript ES6 guide. Including JSON & AJAX,"₩66,000","Code And Create, George Lomidze, Lasha Nozadze",4.6,16.5 total hours,120 lectures,All Levels
,https://www.udemy.com/topic/javascript/,120,5,45,"A Beginners Guide to Advanced JavaScript & ES6 - ES2017
Learn tough topics like: 'this', scope, 'new' , hoisting, ES6, & More! Take your JS knowledge to the next level!Rating: 4.7 out of 51532 reviews5 total hours72 lecturesIntermediateCurrent price: ₩25,000",https://www.udemy.com/course/advanced-javascript-course/,"Learn tough topics like: 'this', scope, 'new' , hoisting, ES6, & More! Take your JS knowledge to the next level!","₩25,000",Brandon Morelli,4.7,5 total hours,72 lectures,Intermediate
,https://www.udemy.com/topic/javascript/,120,5,46,"Javascript For Beginners Complete Course
Learn Javascript Programming Language With Practical InteractionRating: 4.3 out of 51523 reviews2 total hours21 lecturesAll LevelsCurrent price: ₩25,000",https://www.udemy.com/course/javascript-for-beginners-complete-course/,Learn Javascript Programming Language With Practical Interaction,"₩25,000",PROPER DOT INSTITUTE,4.3,2 total hours,21 lectures,All Levels
,https://www.udemy.com/topic/javascript/,120,5,47,"Make a Responsive Portfolio Website: JavaScript and HTML
Use JavaScript and HTML to create the ultimate responsive portfolio website from scratch!Rating: 4.6 out of 51395 reviews4 total hours52 lecturesBeginnerCurrent price: ₩25,000",https://www.udemy.com/course/portfolio-website/,Use JavaScript and HTML to create the ultimate responsive portfolio website from scratch!,"₩25,000",Reece Kenney,4.6,4 total hours,52 lectures,Beginner
,https://www.udemy.com/topic/javascript/,120,5,48,"JavaScript from Beginner to Expert
Become a JavaScript expert in 30 days, even if you are a JS beginner. Become a front-end developer of websites in JSRating: 4.4 out of 51379 reviews13.5 total hours101 lecturesAll LevelsCurrent price: ₩25,000",https://www.udemy.com/course/javascript-from-beginner-to-expert-bring-life-to-your-site/,"Become a JavaScript expert in 30 days, even if you are a JS beginner. Become a front-end developer of websites in JS","₩25,000",Arkadiusz Włodarczyk,4.4,13.5 total hours,101 lectures,All Levels
,https://www.udemy.com/topic/javascript/,120,5,49,"Complete Modern JavaScript Firebase BootCamp the beginner
Master JavaScript and Firebase Firestore with Pure JavaScript！JavaScript ES6+, OOP, AJAXRating: 4.2 out of 51329 reviews6 total hours109 lecturesBeginnerCurrent price: ₩49,000",https://www.udemy.com/course/complete-modern-javascript-with-firebase-bootcamp-for-beginners/,"Master JavaScript and Firebase Firestore with Pure JavaScript！JavaScript ES6+, OOP, AJAX","₩49,000",Kim Chen,4.2,6 total hours,109 lectures,Beginner
,https://www.udemy.com/topic/javascript/,120,5,50,"Javascript Practicals Crash Course
Learn javascript Concepts With Javascript Practical DemonstrationsRating: 4.2 out of 51325 reviews38 total mins7 lecturesAll LevelsCurrent price: ₩25,000",https://www.udemy.com/course/javascript-practicals-crash-course/,Learn javascript Concepts With Javascript Practical Demonstrations,"₩25,000",PROPER DOT INSTITUTE,4.2,38 total mins,7 lectures,All Levels
,https://www.udemy.com/topic/javascript/,120,5,51,"The Fastest Javascript Course: From ZERO to HERO in 6 Hours
Learn Javascript Today From Beginner to Advanced by Completing a Challenging Real-Life Project & Coding ExercisesRating: 4.6 out of 51269 reviews6 total hours52 lecturesBeginnerCurrent price: ₩25,000",https://www.udemy.com/course/javascript-flash-course-beginner-to-advanced/,Learn Javascript Today From Beginner to Advanced by Completing a Challenging Real-Life Project & Coding Exercises,"₩25,000",Ivan Lourenço Gomes,4.6,6 total hours,52 lectures,Beginner
,https://www.udemy.com/topic/javascript/,120,5,52,"Asynchronous JavaScript
Become an expert in Asynchronous JavaScript, Callbacks, Promises, Async/Await, Generators & The Event LoopRating: 4.4 out of 51197 reviews4.5 total hours51 lecturesAll LevelsCurrent price: ₩66,000",https://www.udemy.com/course/asynchronous-javascript/,"Become an expert in Asynchronous JavaScript, Callbacks, Promises, Async/Await, Generators & The Event Loop","₩66,000",Asim Hussain,4.4,4.5 total hours,51 lectures,All Levels
,https://www.udemy.com/topic/javascript/,120,5,53,"JavaScript - Marathon Interview Questions Series 2024
The Quintessential Guide For Cracking JavaScript Interviews For Developers World-wideRating: 4.8 out of 51066 reviews17.5 total hours146 lecturesAll LevelsCurrent price: ₩99,000",https://www.udemy.com/course/javascript-marathon-interview-questions-series/,The Quintessential Guide For Cracking JavaScript Interviews For Developers World-wide,"₩99,000",Nirmal Joshi,4.8,17.5 total hours,146 lectures,All Levels
,https://www.udemy.com/topic/javascript/,120,5,54,"JavaScript Game Development: Create Your Own Breakout Game
Take your JavaScript learning experience to the next level and start building interactive games.Rating: 4.5 out of 51046 reviews2 total hours26 lecturesAll LevelsCurrent price: ₩25,000",https://www.udemy.com/course/javascript-game-development-create-your-own-breakout-game/,Take your JavaScript learning experience to the next level and start building interactive games.,"₩25,000",Komar Academy,4.5,2 total hours,26 lectures,All Levels
,https://www.udemy.com/topic/javascript/,120,5,55,"Complete Vue.js 3 (Inc. Composition API, Vue Router, Vuex)
(RE-RECORDED April 2021) Vue.js 3 is here! Learn from ""Hello, Vue!"" to building large apps with Vuex and Vue Router.Rating: 4.6 out of 51015 reviews5.5 total hours85 lecturesBeginnerCurrent price: ₩28,000",https://www.udemy.com/course/complete-vuejs-3-crash-course-composition-api-vue-router-vuex/,"(RE-RECORDED April 2021) Vue.js 3 is here! Learn from ""Hello, Vue!"" to building large apps with Vuex and Vue Router.","₩28,000",Lachlan Miller,4.6,5.5 total hours,85 lectures,Beginner
,https://www.udemy.com/topic/javascript/,120,5,56,"JavaScript Fundamentals: A Course for Absolute Beginners
Learn JavaScript Fundamentals from the ScratchRating: 4.7 out of 5994 reviews2.5 total hours26 lecturesBeginnerCurrent price: ₩25,000",https://www.udemy.com/course/javascript-fundamentals-a-course-for-absolute-beginners/,Learn JavaScript Fundamentals from the Scratch,"₩25,000",Learnsector LLP,4.7,2.5 total hours,26 lectures,Beginner
,https://www.udemy.com/topic/javascript/,120,5,57,"JavaScript 2019: JavaScript ES6 Certification Course
Earn the JavaScript Specialist Certification while Learning JavaScript ES6Rating: 4.7 out of 5987 reviews6 total hours22 lecturesBeginnerCurrent price: ₩25,000",https://www.udemy.com/course/javascript-es6-certification-course/,Earn the JavaScript Specialist Certification while Learning JavaScript ES6,"₩25,000","SkillSprints Inc., Mark Lassoff",4.7,6 total hours,22 lectures,Beginner
,https://www.udemy.com/topic/javascript/,120,5,58,"JavaScript for Kids: Code Your Own Games and Apps at Any Age
JavaScript coding course for beginners of all ages, build your own interactive games and apps in JavaScript!Rating: 3.8 out of 5984 reviews6.5 total hours43 lecturesBeginnerCurrent price: ₩25,000",https://www.udemy.com/course/javascript-for-kids/,"JavaScript coding course for beginners of all ages, build your own interactive games and apps in JavaScript!","₩25,000",Bryson Payne,3.8,6.5 total hours,43 lectures,Beginner
,https://www.udemy.com/topic/javascript/,120,5,59,"JavaScript for QA Engineers and SDETs
Learn to code in JavaScript so you can pass your coding interview. Specifically designed for QA. No experience required!Rating: 4.7 out of 5964 reviews14 total hours117 lecturesBeginnerCurrent price: ₩25,000",https://www.udemy.com/course/javascript-for-qa-engineers-and-sdets/,Learn to code in JavaScript so you can pass your coding interview. Specifically designed for QA. No experience required!,"₩25,000",Glitch IT System,4.7,14 total hours,117 lectures,Beginner
,https://www.udemy.com/topic/javascript/,120,5,60,"JavaScript Projects for JavaScript Beginners
Interactive Front-End Development for BeginnersRating: 4.5 out of 5927 reviews7.5 total hours76 lecturesBeginnerCurrent price: ₩25,000",https://www.udemy.com/course/javascript-and-the-dom/,Interactive Front-End Development for Beginners,"₩25,000",Rob Merrill,4.5,7.5 total hours,76 lectures,Beginner
,https://www.udemy.com/topic/javascript/,120,5,61,"JavaScript Masterclass 2021: Modern & Comprehensive
Zero to Hero: ES6 / ES2015 + ES2016 + ES2017, Object Oriented, Functional, Asynchronous JS + Interview PrepRating: 4.5 out of 5916 reviews8.5 total hours88 lecturesAll LevelsCurrent price: ₩29,000",https://www.udemy.com/course/js-masterclass/,"Zero to Hero: ES6 / ES2015 + ES2016 + ES2017, Object Oriented, Functional, Asynchronous JS + Interview Prep","₩29,000",Hemil Patel,4.5,8.5 total hours,88 lectures,All Levels
,https://www.udemy.com/topic/javascript/,120,5,62,"Projects In JavaScript & JQuery
Learn JavaScript and JQuery Building Ten ProjectsRating: 4.5 out of 5901 reviews9 total hours51 lecturesAll LevelsCurrent price: ₩25,000",https://www.udemy.com/course/projects-in-javascript-jquery/,Learn JavaScript and JQuery Building Ten Projects,"₩25,000","Eduonix Learning Solutions, Eduonix-Tech .",4.5,9 total hours,51 lectures,All Levels
,https://www.udemy.com/topic/javascript/,120,5,63,"JavaScript Complete Beginners Course For Web Development
JavaScript tutorial for Beginner, JavaScript Loop ,JS function, JavaScript ES6, JavaScript DOM, Modern JavaScriptRating: 4.6 out of 5858 reviews12.5 total hours98 lecturesBeginnerCurrent price: ₩25,000",https://www.udemy.com/course/javascript-beginnerscourse/,"JavaScript tutorial for Beginner, JavaScript Loop ,JS function, JavaScript ES6, JavaScript DOM, Modern JavaScript","₩25,000",Funky Programmer,4.6,12.5 total hours,98 lectures,Beginner
,https://www.udemy.com/topic/javascript/,120,5,64,"JavaScript Basics made easy for beginners
Quick start to learning JavaScript for beginners, explore how to write JavaScript with script examples and exercisesRating: 4.4 out of 5838 reviews3.5 total hours37 lecturesBeginnerCurrent price: ₩25,000",https://www.udemy.com/course/course-javascript/,"Quick start to learning JavaScript for beginners, explore how to write JavaScript with script examples and exercises","₩25,000",Laurence Svekis,4.4,3.5 total hours,37 lectures,Beginner
,https://www.udemy.com/topic/javascript/,120,5,65,"Getting started with WebAssembly & Emscripten
A complete guide for learning the WebAssembly JavaScript API and Emscripten toolset.Rating: 4.5 out of 5821 reviews2.5 total hours23 lecturesAll LevelsCurrent price: ₩49,000",https://www.udemy.com/course/webassembly-emscripten/,A complete guide for learning the WebAssembly JavaScript API and Emscripten toolset.,"₩49,000",Ray Viljoen,4.5,2.5 total hours,23 lectures,All Levels
,https://www.udemy.com/topic/javascript/,120,5,66,"Advanced JavaScript Topics
In Depth JavaScript Training for Mastering Important Patterns, the Power of Functions, OOP Concepts, JavaScript ProjectsRating: 4.4 out of 5805 reviews19 total hours117 lecturesIntermediateCurrent price: ₩88,000",https://www.udemy.com/course/learn-modern-javascript-advanced-topics/,"In Depth JavaScript Training for Mastering Important Patterns, the Power of Functions, OOP Concepts, JavaScript Projects","₩88,000",Steven Hancock,4.4,19 total hours,117 lectures,Intermediate
,https://www.udemy.com/topic/javascript/,120,5,67,"CSS, Bootstrap, JavaScript And PHP Stack Complete Course
CSS, Bootstrap And JavaScript And PHP Complete Frontend and Backend CourseRating: 4.5 out of 5775 reviews8 total hours85 lecturesBeginnerCurrent price: ₩25,000",https://www.udemy.com/course/css-bootstrap-javascript-and-php-stack-complete-course/,"CSS, Bootstrap And JavaScript And PHP Complete Frontend and Backend Course","₩25,000",PROPER DOT INSTITUTE,4.5,8 total hours,85 lectures,Beginner
,https://www.udemy.com/topic/javascript/,120,5,68,"Complete JavaScript Projects Course Games 55 Modern JS DOM
Real Projects! AJAX Java Script Projects Apps 55+ Projects Modern JS DOM JavaScript Games Portfolio Games DOMRating: 4.9 out of 5730 reviews59.5 total hours749 lecturesAll LevelsCurrent price: ₩88,000",https://www.udemy.com/course/javascript-course-projects/,Real Projects! AJAX Java Script Projects Apps 55+ Projects Modern JS DOM JavaScript Games Portfolio Games DOM,"₩88,000",Laurence Svekis,4.9,59.5 total hours,749 lectures,All Levels
,https://www.udemy.com/topic/javascript/,120,5,69,"JavaScript Mastery: Learn, Code, and Create Live Forms
Master JavaScript Fundamentals, DOM Manipulation, Form Validation, and More in this JavaScript Fundamentals CourseRating: 4.8 out of 5723 reviews2 total hours35 lecturesBeginnerCurrent price: ₩25,000",https://www.udemy.com/course/complete-javascript-for-beginners/,"Master JavaScript Fundamentals, DOM Manipulation, Form Validation, and More in this JavaScript Fundamentals Course","₩25,000",Fatah Gabrial,4.8,2 total hours,35 lectures,Beginner
,https://www.udemy.com/topic/javascript/,120,5,70,"JavaScript: Understanding ES6 and Beyond
Deeply understand JavaScript’s newest featuresRating: 4.8 out of 5720 reviews3 total hours42 lecturesIntermediateCurrent price: ₩66,000",https://www.udemy.com/course/javascript-understanding-es6-and-beyond/,Deeply understand JavaScript’s newest features,"₩66,000",Anthony Alicea,4.8,3 total hours,42 lectures,Intermediate
,https://www.udemy.com/topic/javascript/,120,5,71,"Make a YouTube Clone from Scratch: JavaScript PHP and MySQL
Learn JavaScript, PHP and MySQL by making the ultimate YouTube clone website completely from scratch!Rating: 4.6 out of 5704 reviews18.5 total hours196 lecturesAll LevelsCurrent price: ₩77,000",https://www.udemy.com/course/youtube-clone/,"Learn JavaScript, PHP and MySQL by making the ultimate YouTube clone website completely from scratch!","₩77,000",Reece Kenney,4.6,18.5 total hours,196 lectures,All Levels
,https://www.udemy.com/topic/javascript/,120,5,72,"CSS, JavaScript,PHP And Python Programming All in One Course
Learn CSS with Javascript, PHP And Python Programming Language All in One CourseRating: 4.4 out of 5700 reviews10 total hours127 lecturesBeginnerCurrent price: ₩25,000",https://www.udemy.com/course/css-javascriptphp-and-python-programming-all-in-one-course/,"Learn CSS with Javascript, PHP And Python Programming Language All in One Course","₩25,000",PROPER DOT INSTITUTE,4.4,10 total hours,127 lectures,Beginner
,https://www.udemy.com/topic/javascript/,120,5,73,"The complete beginner JavaScript ES5, ES6 and JQuery Course
Learn javascript from the scratch, and build your own applications using Jquery, JSON, Ajax, ES6.Rating: 4.3 out of 5685 reviews22.5 total hours172 lecturesAll LevelsCurrent price: ₩25,000",https://www.udemy.com/course/master-javascript-programming-extended-course/,"Learn javascript from the scratch, and build your own applications using Jquery, JSON, Ajax, ES6.","₩25,000",Coding Revolution,4.3,22.5 total hours,172 lectures,All Levels
,https://www.udemy.com/topic/javascript/,120,5,74,"JavaScript Modern ES6 - 2020 - The Complete Course
Learn Modern JavaScript ES6 from scratch till advanced in just 7 hours.Rating: 4.6 out of 5684 reviews9.5 total hours98 lecturesAll LevelsCurrent price: ₩25,000",https://www.udemy.com/course/javascript-tharunshiv/,Learn Modern JavaScript ES6 from scratch till advanced in just 7 hours.,"₩25,000",Tharun Shiv,4.6,9.5 total hours,98 lectures,All Levels
,https://www.udemy.com/topic/javascript/,120,5,75,"Learn Modern JavaScript: Getting Started
JavaScript for Beginners; In Depth Training to truly Learn JavaScript; Gets You Started as a JavaScript ProgrammerRating: 4.6 out of 5676 reviews13.5 total hours118 lecturesBeginnerCurrent price: ₩25,000",https://www.udemy.com/course/learn-modern-javascript-getting-started/,JavaScript for Beginners; In Depth Training to truly Learn JavaScript; Gets You Started as a JavaScript Programmer,"₩25,000",Steven Hancock,4.6,13.5 total hours,118 lectures,Beginner
,https://www.udemy.com/topic/javascript/,120,5,76,"JavaScript JSON AJAX API data for web pages Objects Arrays
JavaScript code to connect to web APIs and get JSON data use AJAX explore JavaScript Objects and Arrays for JSONRating: 4.3 out of 5671 reviews9 total hours52 lecturesBeginnerCurrent price: ₩25,000",https://www.udemy.com/course/javascript-json-and-ajax-explained-javascript-objects/,JavaScript code to connect to web APIs and get JSON data use AJAX explore JavaScript Objects and Arrays for JSON,"₩25,000",Laurence Svekis,4.3,9 total hours,52 lectures,Beginner
,https://www.udemy.com/topic/javascript/,120,5,77,"Javascript Intermediate level 1 - Mastering the DOM
Learn to create really nice functionalies by learning the DOM in JavascriptRating: 4.6 out of 5669 reviews3 total hours32 lecturesAll LevelsCurrent price: ₩25,000",https://www.udemy.com/course/javascript-intermediate-mastering-the-dom/,Learn to create really nice functionalies by learning the DOM in Javascript,"₩25,000","Edwin Diaz, Coding Faculty Solutions",4.6,3 total hours,32 lectures,All Levels
,https://www.udemy.com/topic/javascript/,120,5,78,"AJAX JSON JavaScript Dynamic and Interactive Web Content
Learn how to use AJAX to send data to your web server and get response data back to output in your web applicationRating: 4.7 out of 5659 reviews10.5 total hours101 lecturesIntermediateCurrent price: ₩59,000",https://www.udemy.com/course/ajax-course/,Learn how to use AJAX to send data to your web server and get response data back to output in your web application,"₩59,000",Laurence Svekis,4.7,10.5 total hours,101 lectures,Intermediate
,https://www.udemy.com/topic/javascript/,120,5,79,"Learn JavaScript for beginners
Explore the fundamental concepts of JavaScript and how to being adding JavaScript to your web pagesRating: 3.7 out of 5658 reviews2 total hours21 lecturesBeginnerCurrent price: ₩25,000",https://www.udemy.com/course/learn-javascript-course/,Explore the fundamental concepts of JavaScript and how to being adding JavaScript to your web pages,"₩25,000",Laurence Svekis,3.7,2 total hours,21 lectures,Beginner
,https://www.udemy.com/topic/javascript/,120,5,80,"JavaScript for Beginners: The Complete Course for Beginners
The A to Z Course to Mastering JavaScriptRating: 4.2 out of 5637 reviews4.5 total hours70 lecturesBeginnerCurrent price: ₩25,000",https://www.udemy.com/course/javascript-course-for-beginners-the-complete-javascript-for-beginners/,The A to Z Course to Mastering JavaScript,"₩25,000",Meta Brains,4.2,4.5 total hours,70 lectures,Beginner
,https://www.udemy.com/topic/javascript/,120,5,81,"Modern Javascript for Beginners 2020 + Javascript Projects
The ultimate beginners course for Javascript - Learn Modern Javascript for 2020 with a plenty of examples and projectsRating: 4.3 out of 5627 reviews15 total hours113 lecturesBeginnerCurrent price: ₩25,000",https://www.udemy.com/course/modern-javascript-for-beginners-2020-course-projects/,The ultimate beginners course for Javascript - Learn Modern Javascript for 2020 with a plenty of examples and projects,"₩25,000",DigiFisk (Programming is fun),4.3,15 total hours,113 lectures,Beginner
,https://www.udemy.com/topic/javascript/,120,5,82,"JavaScript And PHP And Python Programming Complete Course
Learn JavaScript And PHP And Python Programming language In One JavaScript And PHP And Python Complete CourseRating: 4.3 out of 5584 reviews8 total hours101 lecturesBeginnerCurrent price: ₩25,000",https://www.udemy.com/course/javascript-and-php-and-python-programming-complete-course/,Learn JavaScript And PHP And Python Programming language In One JavaScript And PHP And Python Complete Course,"₩25,000",PROPER DOT INSTITUTE,4.3,8 total hours,101 lectures,Beginner
,https://www.udemy.com/topic/javascript/,120,5,83,"60 HTML CSS JS projects - HTML5, CSS3 and vanilla JavaScript
HTML CSS JS (JavaScript). Build 60 projects to learn HTML CSS JavaScript. 50+ HTML5, CSS3, vanilla JavaScript projectsRating: 4.8 out of 5579 reviews51 total hours255 lecturesBeginnerCurrent price: ₩77,000",https://www.udemy.com/course/html-css-js-projects/,"HTML CSS JS (JavaScript). Build 60 projects to learn HTML CSS JavaScript. 50+ HTML5, CSS3, vanilla JavaScript projects","₩77,000",Dr. Sahand Ghavidel,4.8,51 total hours,255 lectures,Beginner
,https://www.udemy.com/topic/javascript/,120,5,84,"AJAX using Javascript and JQuery + 2 Projects
Learn AJAX and Develop a Cool Group Chat Application using AJAX with the help of Jquery , Javascript, PHP and MySQLRating: 3.7 out of 5575 reviews2.5 total hours29 lecturesAll LevelsCurrent price: ₩27,000",https://www.udemy.com/course/learn-ajax-using-javascript-jquery-in-2-hrs-2-projects/,"Learn AJAX and Develop a Cool Group Chat Application using AJAX with the help of Jquery , Javascript, PHP and MySQL","₩27,000",Umang Shah,3.7,2.5 total hours,29 lectures,All Levels
,https://www.udemy.com/topic/javascript/,120,5,85,"Full JavaScript Masterclass Course: ES6 Modern Development
JavaScript is a very powerful language. Used by all the big companies, Microsoft, Apple, Google etc. ECMAScript 6 insideRating: 4.0 out of 5532 reviews5 total hours70 lecturesAll LevelsCurrent price: ₩25,000",https://www.udemy.com/course/javascript-series/,"JavaScript is a very powerful language. Used by all the big companies, Microsoft, Apple, Google etc. ECMAScript 6 inside","₩25,000",Frahaan Hussain,4,5 total hours,70 lectures,All Levels
,https://www.udemy.com/topic/javascript/,120,5,86,"JavaScript Console Object Ultimate Guide
Discover the Real Power of Javascript Console ObjectRating: 4.4 out of 5530 reviews1 total hour15 lecturesAll LevelsCurrent price: ₩25,000",https://www.udemy.com/course/javascript-console-object-ultimate-guide/,Discover the Real Power of Javascript Console Object,"₩25,000",Alperen Talaslıoğlu,4.4,1 total hour,15 lectures,All Levels
,https://www.udemy.com/topic/javascript/,120,5,87,"*UPDATED* JavaScript Complete Grandmaster 2024
Beginner to Advanced. Proven hands on teaching method. Comprehensive. Practical &amp; current. Everything you need to know.Rating: 4.8 out of 5522 reviews13.5 total hours232 lecturesAll LevelsCurrent price: ₩88,000",https://www.udemy.com/course/new-javascript-grandmaster/,Beginner to Advanced. Proven hands on teaching method. Comprehensive. Practical & current. Everything you need to know.,"₩88,000",Clyde Matthew,4.8,13.5 total hours,232 lectures,All Levels
,https://www.udemy.com/topic/javascript/,120,5,88,"JavaScript Programming from A-Z: Learn to Code in JavaScript
JavaScript: Learn to write clear & efficient code in JavaScript. Learn JavaScript. Complete JavaScript Guide. JavaScriptRating: 3.6 out of 5521 reviews3.5 total hours40 lecturesAll LevelsCurrent price: ₩25,000",https://www.udemy.com/course/complete-javascript/,JavaScript: Learn to write clear & efficient code in JavaScript. Learn JavaScript. Complete JavaScript Guide. JavaScript,"₩25,000",Euan - JavaScript Programming,3.6,3.5 total hours,40 lectures,All Levels
,https://www.udemy.com/topic/javascript/,120,5,89,"Learning JavaScript Programming Tutorial. A Definitive Guide
Master the art of JavaScript Programming. A practical hands on tutorial that builds real JavaScript programming skillsRating: 4.7 out of 5518 reviews9.5 total hours93 lecturesAll LevelsCurrent price: ₩25,000",https://www.udemy.com/course/programming-javascript/,Master the art of JavaScript Programming. A practical hands on tutorial that builds real JavaScript programming skills,"₩25,000",Infinite Skills,4.7,9.5 total hours,93 lectures,All Levels
,https://www.udemy.com/topic/javascript/,120,5,90,"Master JavaScript from Scratch (with jQuery and React JS)
Learn and Understand Core JavaScript programming from the root and be able to build web apps using jQuery and React Js.Rating: 4.0 out of 5507 reviews14.5 total hours203 lecturesBeginnerCurrent price: ₩66,000",https://www.udemy.com/course/javascript-jquery-react/,Learn and Understand Core JavaScript programming from the root and be able to build web apps using jQuery and React Js.,"₩66,000",Ryan Dhungel,4,14.5 total hours,203 lectures,Beginner
,https://www.udemy.com/topic/javascript/,120,5,91,"JavaScript Pro: Mastering Advanced Concepts and Techniques
Level Up Your JS. Covers latest syntax, design patterns, functional programming, browser APIS, OOP, Canvas, and more!Rating: 4.7 out of 5502 reviews19 total hours181 lecturesAll LevelsCurrent price: ₩59,000",https://www.udemy.com/course/pro-javascript/,"Level Up Your JS. Covers latest syntax, design patterns, functional programming, browser APIS, OOP, Canvas, and more!","₩59,000",Colt Steele,4.7,19 total hours,181 lectures,All Levels
,https://www.udemy.com/topic/javascript/,120,5,92,"JavaScript and React for Developers: Master the Essentials
Advance your JavaScript skills and learn the modern approach to web applications by building projects from the ground upRating: 4.2 out of 5498 reviews3.5 total hours64 lecturesIntermediateCurrent price: ₩25,000",https://www.udemy.com/course/js-and-react-for-devs/,Advance your JavaScript skills and learn the modern approach to web applications by building projects from the ground up,"₩25,000",Cassidy Williams,4.2,3.5 total hours,64 lectures,Intermediate
,https://www.udemy.com/topic/javascript/,120,5,93,"JavaScript programming: JavaScript for beginners
Learn by doing JavaScript exercises and JavaScript coding projects. JavaScript beginner guide to programming concepts.Rating: 4.5 out of 5495 reviews5 total hours75 lecturesBeginnerCurrent price: ₩25,000",https://www.udemy.com/course/learn-javascript-online/,Learn by doing JavaScript exercises and JavaScript coding projects. JavaScript beginner guide to programming concepts.,"₩25,000",Jana Bergant,4.5,5 total hours,75 lectures,Beginner
,https://www.udemy.com/topic/javascript/,120,5,94,"JavaScript and ES6 Challenges - Do you know JavaScript?
Solve different JavaScript challenges yourself. Destructuring, hoisting, , IIFEs, closures, classes, let and much moreRating: 4.7 out of 5489 reviews2 total hours47 lecturesAll LevelsCurrent price: ₩25,000",https://www.udemy.com/course/javascript-and-es6-challenges/,"Solve different JavaScript challenges yourself. Destructuring, hoisting, , IIFEs, closures, classes, let and much more","₩25,000","Bogdan Stashchuk | Software Engineer, MBA, PhD",4.7,2 total hours,47 lectures,All Levels
,https://www.udemy.com/topic/javascript/,120,5,95,"Javascript Intermediate level 2 - All about functions
Learn to create different types of function in JavaScriptRating: 4.3 out of 5476 reviews3 total hours29 lecturesIntermediateCurrent price: ₩25,000",https://www.udemy.com/course/javascript-intermediate-mastering-functions/,Learn to create different types of function in JavaScript,"₩25,000","Edwin Diaz, Coding Faculty Solutions",4.3,3 total hours,29 lectures,Intermediate
,https://www.udemy.com/topic/javascript/,120,5,96,"JavaScript for Absolute Beginners
A great JavaScript course for those who have never programmed in JavaScript.Rating: 4.3 out of 5474 reviews2 total hours15 lecturesBeginnerCurrent price: ₩25,000",https://www.udemy.com/course/javascript-for-absolute-beginners/,A great JavaScript course for those who have never programmed in JavaScript.,"₩25,000",Stone River eLearning,4.3,2 total hours,15 lectures,Beginner
,https://www.udemy.com/topic/javascript/,120,5,97,"HTML, CSS, JavaScript, React - Online Certification Course
Build: Mobile Responsive Web Pages using CSS | Dynamic Web Apps in React | Interactive UI Components | E-Commerce SitesRating: 4.2 out of 5475 reviews16 total hours200 lecturesBeginnerCurrent price: ₩25,000",https://www.udemy.com/course/html-css-javascript-react-online-certification-course/,Build: Mobile Responsive Web Pages using CSS | Dynamic Web Apps in React | Interactive UI Components | E-Commerce Sites,"₩25,000","YouAccel Training, Blue Digital Media",4.2,16 total hours,200 lectures,Beginner
,https://www.udemy.com/topic/javascript/,120,5,98,"JavaScript for Beginners - Step By Step Guide
Learn JavaScript from scratch, build a solid foundation with quizzes and coding exercisesRating: 4.3 out of 5472 reviews4 total hours35 lecturesBeginnerCurrent price: ₩25,000",https://www.udemy.com/course/javascript-the-beginners-guide-with-hands-on-coding/,"Learn JavaScript from scratch, build a solid foundation with quizzes and coding exercises","₩25,000",Kazi Nasrat Ali,4.3,4 total hours,35 lectures,Beginner
,https://www.udemy.com/topic/javascript/,120,5,99,"JavaScript for Beginning Web Developers
Learn JavaScript from the ground up. Perfect for beginners and experienced developers alike.Rating: 4.6 out of 5472 reviews4.5 total hours31 lecturesBeginnerCurrent price: ₩25,000",https://www.udemy.com/course/learn-javascript-programming/,Learn JavaScript from the ground up. Perfect for beginners and experienced developers alike.,"₩25,000",Stone River eLearning,4.6,4.5 total hours,31 lectures,Beginner
,https://www.udemy.com/topic/javascript/,120,5,100,"Javascript Intermediate level 3 - JSON
Learn how to Master JSON in JavascriptRating: 4.4 out of 5470 reviews2.5 total hours26 lecturesAll LevelsCurrent price: ₩25,000",https://www.udemy.com/course/javascript-intermediate-json-course/,Learn how to Master JSON in Javascript,"₩25,000","Edwin Diaz, Coding Faculty Solutions",4.4,2.5 total hours,26 lectures,All Levels
,https://www.udemy.com/topic/javascript/,120,5,101,"JavaScript for Beginners - Learn with 6 main projects!
Learn modern JavaScript from scratch.Rating: 4.7 out of 5461 reviews8 total hours59 lecturesBeginnerCurrent price: ₩25,000",https://www.udemy.com/course/learn-javascript-for-beginners-course/,Learn modern JavaScript from scratch.,"₩25,000",Kalob Taulien,4.7,8 total hours,59 lectures,Beginner
,https://www.udemy.com/topic/javascript/,120,5,102,"Advanced JavaScript
Learn advanced JavaScript to become a senior JavaScript EngineerRating: 4.4 out of 5459 reviews9 total hours121 lecturesIntermediateCurrent price: ₩25,000",https://www.udemy.com/course/es6-javascript-reloaded/,Learn advanced JavaScript to become a senior JavaScript Engineer,"₩25,000",Abdi Ahmed,4.4,9 total hours,121 lectures,Intermediate
,https://www.udemy.com/topic/javascript/,120,5,103,"Complete Guide in HTML, CSS & JavaScript: 2024 Edition
A detailed step by step web development practical guide designed to help beginners become professional developers.Rating: 4.6 out of 5452 reviews31.5 total hours177 lecturesBeginnerCurrent price: ₩25,000",https://www.udemy.com/course/complete-guide-in-html-css-javascript/,A detailed step by step web development practical guide designed to help beginners become professional developers.,"₩25,000",Jerome Morales,4.6,31.5 total hours,177 lectures,Beginner
,https://www.udemy.com/topic/javascript/,120,5,104,"Learn Modern Javascript by Coding a Snake Game
Covers Node.js, ES6, Classes, Arrays, Objects, Functions, Phaser 3, Express.js and more!Rating: 4.5 out of 5444 reviews1.5 total hours16 lecturesBeginnerCurrent price: ₩25,000",https://www.udemy.com/course/learn-modern-javascript-by-coding-a-snake-game/,"Covers Node.js, ES6, Classes, Arrays, Objects, Functions, Phaser 3, Express.js and more!","₩25,000",Morgan Page,4.5,1.5 total hours,16 lectures,Beginner
,https://www.udemy.com/topic/javascript/,120,5,105,"The Complete Javascript Course for Developers
Learn JavaScript Quickly. This JavaScript Class Will Teach You JavaScript Fundamentals And Is Beginner FriendlyRating: 4.8 out of 5427 reviews11 total hours53 lecturesBeginnerCurrent price: ₩25,000",https://www.udemy.com/course/the-complete-javascript-course-for-developers/,Learn JavaScript Quickly. This JavaScript Class Will Teach You JavaScript Fundamentals And Is Beginner Friendly,"₩25,000","Tim Buchalka's Learn Programming Academy, Charles E. Brown",4.8,11 total hours,53 lectures,Beginner
,https://www.udemy.com/topic/javascript/,120,5,106,"70+ JavaScript Challenges: Data Structures & Algorithms
Build better foundational skills as a developer by doing challenges and learning about data structures and algorithmsRating: 4.8 out of 5423 reviews12.5 total hours114 lecturesIntermediateCurrent price: ₩25,000",https://www.udemy.com/course/javascript-challenges/,Build better foundational skills as a developer by doing challenges and learning about data structures and algorithms,"₩25,000",Brad Traversy,4.8,12.5 total hours,114 lectures,Intermediate
,https://www.udemy.com/topic/javascript/,120,5,107,"Complete Javascript development Bootcamp 2021 with projects
Master JavaScript with the most complete course! Projects, quizzes, JavaScript ES6+, AJAX and much moreRating: 4.0 out of 5414 reviews9 total hours55 lecturesAll LevelsCurrent price: ₩25,000",https://www.udemy.com/course/javascript-development-bootcamp-2020-wprojects/,"Master JavaScript with the most complete course! Projects, quizzes, JavaScript ES6+, AJAX and much more","₩25,000",Mohammed Khan,4,9 total hours,55 lectures,All Levels
,https://www.udemy.com/topic/javascript/,120,5,108,"Complete JS Bootcamp | JavaScript Programming in 7 DAYS
Complete JS Bootcamp | JavaScript Programming in 7 DAYS| Learn JavaScritp for Web Development | Foundation for ReactRating: 3.9 out of 5413 reviews6.5 total hours72 lecturesAll LevelsCurrent price: ₩25,000",https://www.udemy.com/course/learn-javascript-programming-in-7-days/,Complete JS Bootcamp | JavaScript Programming in 7 DAYS| Learn JavaScritp for Web Development | Foundation for React,"₩25,000","Faisal Zamir, Jafri Code",3.9,6.5 total hours,72 lectures,All Levels
,https://www.udemy.com/topic/javascript/,120,5,109,"Javascript ES6! A Complete Reference Guide to Javascript ES6
Master Javascript's ES6 syntax and start using ES6 syntax in your modern Angular JS, React JS, Meteor JS or Vue JS apps!Rating: 4.8 out of 5411 reviews6.5 total hours45 lecturesIntermediateCurrent price: ₩25,000",https://www.udemy.com/course/javascript-es6-a-complete-reference-guide-to-javascript-es6/,"Master Javascript's ES6 syntax and start using ES6 syntax in your modern Angular JS, React JS, Meteor JS or Vue JS apps!","₩25,000",Abhay Talreja,4.8,6.5 total hours,45 lectures,Intermediate
,https://www.udemy.com/topic/javascript/,120,5,110,"The Creative JavaScript Course
From Beginner JavaScript To Building Awesome Web Apps and Websites!Rating: 4.3 out of 5406 reviews17.5 total hours130 lecturesBeginnerCurrent price: ₩25,000",https://www.udemy.com/course/the-creative-javascript-course/,From Beginner JavaScript To Building Awesome Web Apps and Websites!,"₩25,000","Dev Ed, Maxine Tillman",4.3,17.5 total hours,130 lectures,Beginner
,https://www.udemy.com/topic/javascript/,120,5,111,"Modern JavaScript The Complete Course - Build +15 Projects
Learn JavaScript the most popular language for Web Development - Includes ES6, React & NodeJS & +15 Complete Projects!Rating: 4.1 out of 5404 reviews28 total hours312 lecturesAll LevelsCurrent price: ₩25,000",https://www.udemy.com/course/modern-javascript-the-complete-course-build-10-projects/,"Learn JavaScript the most popular language for Web Development - Includes ES6, React & NodeJS & +15 Complete Projects!","₩25,000",Juan Pablo De la torre Valdez,4.1,28 total hours,312 lectures,All Levels
,https://www.udemy.com/topic/javascript/,120,5,112,"Understanding Javascript from Very Basics to Core
Master JavaScript with the most complete course in the market ! scope, prototypes, promises, symbols and lot more...Rating: 4.3 out of 5400 reviews6.5 total hours98 lecturesAll LevelsCurrent price: ₩27,000",https://www.udemy.com/course/understanding-javascript-from-very-basics-to-core/,"Master JavaScript with the most complete course in the market ! scope, prototypes, promises, symbols and lot more...","₩27,000",Akhil Dakur,4.3,6.5 total hours,98 lectures,All Levels
,https://www.udemy.com/topic/javascript/,120,5,113,"JavaScript Basics Web Development Building Blocks
JavaScript Course for everyone who wants to learn more about using JavaScript Dynamic interactive pages with JavaScriptRating: 4.6 out of 5393 reviews2 total hours18 lecturesBeginnerCurrent price: ₩25,000",https://www.udemy.com/course/javascript-basics-web-development-building-blocks/,JavaScript Course for everyone who wants to learn more about using JavaScript Dynamic interactive pages with JavaScript,"₩25,000",Laurence Svekis,4.6,2 total hours,18 lectures,Beginner
,https://www.udemy.com/topic/javascript/,120,5,114,"Learn Javascript Unit Testing With Mocha, Chai and Sinon
Learn to write unit tests with Mocha Chai and Sinon as well as learning how to TDD the right wayRating: 4.1 out of 5377 reviews40 total mins14 lecturesAll LevelsCurrent price: ₩25,000",https://www.udemy.com/course/learn-javascript-unit-testing-with-mocha-chai-and-sinon/,Learn to write unit tests with Mocha Chai and Sinon as well as learning how to TDD the right way,"₩25,000",Tyler Pedley,4.1,40 total mins,14 lectures,All Levels
,https://www.udemy.com/topic/javascript/,120,5,115,"Learn to Code JavaScript web designers and developers quick
Quick Guide to learning JavaScript create more dynamic and interactive web contentRating: 4.6 out of 5375 reviews3 total hours51 lecturesBeginnerCurrent price: ₩25,000",https://www.udemy.com/course/learn-to-code-javascript-web-designers-web-developers/,Quick Guide to learning JavaScript create more dynamic and interactive web content,"₩25,000",Laurence Svekis,4.6,3 total hours,51 lectures,Beginner
,https://www.udemy.com/topic/javascript/,120,5,116,"JavaScript 2017: Become Top Rated Web Developer
Start learning JavaScript today to build websites in professional way!Rating: 3.7 out of 5373 reviews3 total hours32 lecturesAll LevelsCurrent price: ₩25,000",https://www.udemy.com/course/become-professional-javascript-developer/,Start learning JavaScript today to build websites in professional way!,"₩25,000",AS Learning,3.7,3 total hours,32 lectures,All Levels
,https://www.udemy.com/topic/javascript/,120,5,117,"Javascript and jQuery Basics for Beginners
Learn the skills necessary to get started with Javascript and jQuery. A simple course made for beginners.Rating: 4.3 out of 5373 reviews3 total hours26 lecturesAll LevelsCurrent price: ₩25,000",https://www.udemy.com/course/javascript-and-jquery-basics-for-beginners/,Learn the skills necessary to get started with Javascript and jQuery. A simple course made for beginners.,"₩25,000",EDUmobile Academy,4.3,3 total hours,26 lectures,All Levels
,https://www.udemy.com/topic/javascript/,120,5,118,"JavaScript for beginners - Quick JavaScript Fundamentals
Learn the core fundamental concepts of JavaScript and how to start using JavaScript within web pagesRating: 4.3 out of 5372 reviews2 total hours16 lecturesBeginnerCurrent price: ₩25,000",https://www.udemy.com/course/learn-javascript-fundamentals/,Learn the core fundamental concepts of JavaScript and how to start using JavaScript within web pages,"₩25,000",Laurence Svekis,4.3,2 total hours,16 lectures,Beginner
,https://www.udemy.com/topic/javascript/,120,5,119,"100 Days of JavaScript
Sharpen your JavaScript skills by building Amazing projects over the next 100 Days with HTML, CSS and JavaScript.Rating: 4.4 out of 5362 reviews60.5 total hours208 lecturesAll LevelsCurrent price: ₩77,000",https://www.udemy.com/course/100-days-of-javascript/,"Sharpen your JavaScript skills by building Amazing projects over the next 100 Days with HTML, CSS and JavaScript.","₩77,000",Ewomazino Akpareva,4.4,60.5 total hours,208 lectures,All Levels
,https://www.udemy.com/topic/javascript/,120,5,120,"HTML5, CSS3 & JavaScript Workshop: Build 7 Creative Projects
Learn real world web development & design skills to build up a website from scratch with 7 incredibly creative projects!Rating: 4.5 out of 5343 reviews6 total hours48 lecturesAll LevelsCurrent price: ₩49,000",https://www.udemy.com/course/html5-css3-javascript-workshop-build-7-creative-projects/,Learn real world web development & design skills to build up a website from scratch with 7 incredibly creative projects!,"₩49,000",Filip Kordanovski,4.5,6 total hours,48 lectures,All Levels
,https://www.udemy.com/topic/javascript/,20,12,1,"The Complete JavaScript Course 2024: From Zero to Expert!
The modern JavaScript course for everyone! Master JavaScript with projects, challenges and theory. Many courses in one!Rating: 4.7 out of 5204067 reviews68.5 total hours321 lecturesAll LevelsCurrent price: ₩99,000",https://www.udemy.com/course/the-complete-javascript-course/,"The modern JavaScript course for everyone! Master JavaScript with projects, challenges and theory. Many courses in one!","₩99,000",Jonas Schmedtmann,4.7,68.5 total hours,321 lectures,All Levels
,https://www.udemy.com/topic/javascript/,20,12,2,"JavaScript: Understanding the Weird Parts
An advanced JavaScript course for everyone! Scope, closures, prototypes, 'this', build your own framework, and more.Rating: 4.7 out of 547942 reviews12 total hours89 lecturesAll LevelsCurrent price: ₩77,000",https://www.udemy.com/course/understand-javascript/,"An advanced JavaScript course for everyone! Scope, closures, prototypes, 'this', build your own framework, and more.","₩77,000",Anthony Alicea,4.7,12 total hours,89 lectures,All Levels
,https://www.udemy.com/topic/javascript/,20,12,3,"JavaScript Basics for Beginners
JavaScript - Master the Fundamentals in 6 HoursRating: 4.6 out of 534596 reviews6.5 total hours105 lecturesBeginnerCurrent price: ₩99,000",https://www.udemy.com/course/javascript-basics-for-beginners/,JavaScript - Master the Fundamentals in 6 Hours,"₩99,000",Mosh Hamedani,4.6,6.5 total hours,105 lectures,Beginner
,https://www.udemy.com/topic/javascript/,20,12,4,"Modern JavaScript From The Beginning 2.0 (2024)
A 36-hour master course to take you from beginner to advanced JavaScriptRating: 4.7 out of 533396 reviews36.5 total hours265 lecturesAll LevelsCurrent price: ₩77,000",https://www.udemy.com/course/modern-javascript-from-the-beginning/,A 36-hour master course to take you from beginner to advanced JavaScript,"₩77,000",Brad Traversy,4.7,36.5 total hours,265 lectures,All Levels
,https://www.udemy.com/topic/javascript/,20,12,5,"JavaScript - The Complete Guide 2024 (Beginner + Advanced)
Modern JavaScript from the beginning - all the way up to JS expert level! THE must-have JavaScript resource in 2024.Rating: 4.6 out of 529332 reviews52.5 total hours616 lecturesAll LevelsCurrent price: ₩110,000",https://www.udemy.com/course/javascript-the-complete-guide-2020-beginner-advanced/,Modern JavaScript from the beginning - all the way up to JS expert level! THE must-have JavaScript resource in 2024.,"₩110,000","Academind by Maximilian Schwarzmüller, Maximilian Schwarzmüller",4.6,52.5 total hours,616 lectures,All Levels
,https://www.udemy.com/topic/javascript/,20,12,6,"Javascript for Beginners Learn by Doing Practical Exercises
JavaScript for Beginners : Work closely with me doing exercises & learn more. I make Javascript easy for you guaranteed.Rating: 4.5 out of 517232 reviews4 total hours31 lecturesAll LevelsCurrent price: ₩25,000",https://www.udemy.com/course/javascript-for-beginners-introduction-learn-fast-easy/,JavaScript for Beginners : Work closely with me doing exercises & learn more. I make Javascript easy for you guaranteed.,"₩25,000","Edwin Diaz, Coding Faculty Solutions",4.5,4 total hours,31 lectures,All Levels
,https://www.udemy.com/topic/javascript/,20,12,7,"ES6 Javascript: The Complete Developer's Guide
ES6 Javascript Development from scratch. Get practice with live examples and learn exactly where to apply ES6 features.Rating: 4.4 out of 513979 reviews6.5 total hours70 lecturesBeginnerCurrent price: ₩77,000",https://www.udemy.com/course/javascript-es6-tutorial/,ES6 Javascript Development from scratch. Get practice with live examples and learn exactly where to apply ES6 features.,"₩77,000",Stephen Grider,4.4,6.5 total hours,70 lectures,Beginner
,https://www.udemy.com/topic/javascript/,20,12,8,"The Modern JavaScript Bootcamp
Learn JavaScript by building real-world apps. Includes 3 real-world projects, 80 programming challenges, and ES6/ES7!Rating: 4.6 out of 513024 reviews29.5 total hours155 lecturesAll LevelsCurrent price: ₩77,000",https://www.udemy.com/course/modern-javascript/,"Learn JavaScript by building real-world apps. Includes 3 real-world projects, 80 programming challenges, and ES6/ES7!","₩77,000",Andrew Mead,4.6,29.5 total hours,155 lectures,All Levels
,https://www.udemy.com/topic/javascript/,20,12,9,"The Modern Javascript Bootcamp Course
The most up-to-date JS resource online! Master Javascript by building a beautiful portfolio of projects!Rating: 4.7 out of 512308 reviews52 total hours483 lecturesAll LevelsCurrent price: ₩129,000",https://www.udemy.com/course/javascript-beginners-complete-tutorial/,The most up-to-date JS resource online! Master Javascript by building a beautiful portfolio of projects!,"₩129,000","Colt Steele, Stephen Grider",4.7,52 total hours,483 lectures,All Levels
,https://www.udemy.com/topic/javascript/,20,12,10,"50 Projects In 50 Days - HTML, CSS & JavaScript
Sharpen your skills by building 50+ quick, unique and fun mini projectsRating: 4.6 out of 511500 reviews19 total hours167 lecturesBeginnerCurrent price: ₩88,000",https://www.udemy.com/course/50-projects-50-days/,"Sharpen your skills by building 50+ quick, unique and fun mini projects","₩88,000","Brad Traversy, Florin Pop",4.6,19 total hours,167 lectures,Beginner
,https://www.udemy.com/topic/javascript/,20,12,11,"Modern JavaScript (Complete guide, from Novice to Ninja)
Learn Modern JavaScript from the very start to ninja-level & build awesome JavaScript applications.Rating: 4.9 out of 510749 reviews20.5 total hours188 lecturesAll LevelsCurrent price: ₩77,000",https://www.udemy.com/course/modern-javascript-from-novice-to-ninja/,Learn Modern JavaScript from the very start to ninja-level & build awesome JavaScript applications.,"₩77,000",The Net Ninja (Shaun Pelling),4.9,20.5 total hours,188 lectures,All Levels
,https://www.udemy.com/topic/javascript/,20,12,12,"Advanced Javascript
In only seven hours you will learn enough javascript to transform from a Junior JS Dev into a Senior JS GuruRating: 4.6 out of 59407 reviews6.5 total hours47 lecturesIntermediateCurrent price: ₩59,000",https://www.udemy.com/course/javascript-advanced/,In only seven hours you will learn enough javascript to transform from a Junior JS Dev into a Senior JS Guru,"₩59,000",Asim Hussain,4.6,6.5 total hours,47 lectures,Intermediate
,https://www.udemy.com/topic/javascript/,20,12,13,"20 Web Projects With Vanilla JavaScript
Build 20 mini frontend projects from scratch with HTML5, CSS & JavaScript (No frameworks or libraries)Rating: 4.7 out of 56924 reviews16 total hours121 lecturesAll LevelsCurrent price: ₩77,000",https://www.udemy.com/course/web-projects-with-vanilla-javascript/,"Build 20 mini frontend projects from scratch with HTML5, CSS & JavaScript (No frameworks or libraries)","₩77,000",Brad Traversy,4.7,16 total hours,121 lectures,All Levels
,https://www.udemy.com/topic/javascript/,20,12,14,"Accelerated JavaScript Training
Take a deep dive into JavaScript, a Must-Know Language in Web Development, with a Hands-on, Example-driven ApproachRating: 4.5 out of 56469 reviews7.5 total hours128 lecturesAll LevelsCurrent price: ₩66,000",https://www.udemy.com/course/javascript-bootcamp-2016/,"Take a deep dive into JavaScript, a Must-Know Language in Web Development, with a Hands-on, Example-driven Approach","₩66,000",Maximilian Schwarzmüller,4.5,7.5 total hours,128 lectures,All Levels
,https://www.udemy.com/topic/javascript/,20,12,15,"Accelerated ES6 JavaScript Training
Learn and Use the Future of JavaScript - Today!Rating: 4.6 out of 55796 reviews6 total hours115 lecturesIntermediateCurrent price: ₩77,000",https://www.udemy.com/course/es6-bootcamp-next-generation-javascript/,Learn and Use the Future of JavaScript - Today!,"₩77,000",Maximilian Schwarzmüller,4.6,6 total hours,115 lectures,Intermediate
,https://www.udemy.com/topic/javascript/,20,12,16,"JavaScript Beginner Bootcamp (2024)
JavaScript for Beginners: Projects based learning, whiteboard animations, coding in the browser and quizzes.Rating: 4.6 out of 55746 reviews38.5 total hours387 lecturesBeginnerCurrent price: ₩28,000",https://www.udemy.com/course/javascript-the-basics-for-beginners/,"JavaScript for Beginners: Projects based learning, whiteboard animations, coding in the browser and quizzes.","₩28,000",Rob Merrill,4.6,38.5 total hours,387 lectures,Beginner
,https://www.udemy.com/topic/javascript/,20,12,17,"Learn JavaScript: Full-Stack from Scratch
Understand the JavaScript language itself, Node.js, MongoDB, The Web Browser and More To Create Meaningful ApplicationsRating: 4.7 out of 55121 reviews28 total hours131 lecturesAll LevelsCurrent price: ₩99,000",https://www.udemy.com/course/learn-javascript-full-stack-from-scratch/,"Understand the JavaScript language itself, Node.js, MongoDB, The Web Browser and More To Create Meaningful Applications","₩99,000",Brad Schiff,4.7,28 total hours,131 lectures,All Levels
,https://www.udemy.com/topic/javascript/,20,12,18,"Complete JAVASCRIPT with HTML5,CSS3 from zero to Expert-2024
Learn HTML5, CSS3, JavaScript by building a modern looking responsive website.Rating: 4.3 out of 54909 reviews17 total hours64 lecturesAll LevelsCurrent price: ₩59,000",https://www.udemy.com/course/build-responsive-website-using-html5-css3-js-and-bootstrap-p/,"Learn HTML5, CSS3, JavaScript by building a modern looking responsive website.","₩59,000",Hemanth kumar,4.3,17 total hours,64 lectures,All Levels
,https://www.udemy.com/topic/javascript/,20,12,19,"Essentials in JavaScript ES6 - A Fun and Clear Introduction
A creative and fun course on JavaScript ES6! Has Webpack, Babel, React, and all the new syntax you need to code in ES6!Rating: 4.4 out of 54836 reviews2 total hours43 lecturesAll LevelsCurrent price: ₩25,000",https://www.udemy.com/course/essentials-in-javascript-es6/,"A creative and fun course on JavaScript ES6! Has Webpack, Babel, React, and all the new syntax you need to code in ES6!","₩25,000",David Joseph Katz,4.4,2 total hours,43 lectures,All Levels
,https://www.udemy.com/topic/javascript/,20,12,20,"Master JavaScript from Basics to Advanced [2024] | 5+ Bonus
A perfect JavaScript course for all those who want to learn and master JavaScript programming skills right from scratch.Rating: 4.2 out of 54411 reviews10 total hours87 lecturesBeginnerCurrent price: ₩49,000",https://www.udemy.com/course/javascript-basics-to-advanced/,A perfect JavaScript course for all those who want to learn and master JavaScript programming skills right from scratch.,"₩49,000","EdYoda Digital University, Qaifi Khan",4.2,10 total hours,87 lectures,Beginner